# BPM=80	BaseNote=C4	GlobalTranspose=0
start,pitch,duration,velocity,instrument
3.549,4,0.384,71,celesta
3.549,-5,0.638,55,celesta
3.549,0,0.67,65,celesta
3.549,-24,0.705,59,celesta
3.549,-18,0.527,33,flute
3.969,5,0.254,65,celesta
4.187,-12,0.103,37,celesta
4.187,-17,0.603,52,celesta
4.187,-5,0.603,52,celesta
4.397,0,0.536,71,celesta
4.402,5,0.46,84,celesta
4.402,-18,0.495,33,flute
4.826,-8,0.25,49,celesta
4.83,4,0.317,65,celesta
5.254,-18,0.581,33,flute
5.259,4,0.21,62,celesta
5.259,-7,0.281,5,celesta
5.259,0,0.317,68,celesta
5.259,-4,0.567,52,celesta
5.259,-16,1.245,43,celesta
5.683,0,0.143,8,celesta
5.687,5,0.139,65,celesta
6.112,-18,0.607,33,flute
6.116,5,0.174,90,celesta
6.116,-4,0.317,71,celesta
6.116,0,0.317,77,celesta
6.545,-4,0.031,5,celesta
6.545,0,0.067,49,celesta
6.545,4,0.138,62,celesta
6.969,-18,0.535,33,flute
6.987,-15,0.375,40,celesta
6.991,-5,0.085,46,celesta
6.991,0,0.263,52,celesta
6.996,4,0.258,49,celesta
7.183,-8,0.893,52,celesta
7.397,-3,0.616,65,celesta
7.625,-15,0.451,2,celesta
7.634,-1,0.013,71,celesta
7.826,0,0.607,90,celesta
7.83,-18,0.567,33,flute
8.058,4,0.429,100,celesta
8.272,7,0.219,71,celesta
8.496,11,0.066,100,celesta
8.683,-18,0.536,33,flute
8.687,-22,0.282,81,celesta
8.687,-3,0.469,59,celesta
8.687,4,0.581,74,celesta
8.687,0,0.612,71,celesta
8.915,-15,0.214,62,celesta
9.134,-6,0.21,90,celesta
9.348,-3,0.072,71,celesta
9.54,9,0.308,59,celesta
9.545,-18,0.567,33,flute
9.768,12,0.103,40,celesta
9.987,2,0.084,43,celesta
9.991,9,0.205,59,celesta
9.996,16,0.2,71,celesta
10.196,14,0.018,74,celesta
10.397,-18,0.536,33,flute
10.411,-22,0.285,11,celesta
10.42,12,0.084,71,celesta
10.42,16,0.084,77,celesta
10.42,9,0.134,71,celesta
10.42,5,0.165,21,celesta
10.839,-15,0.143,43,celesta
11.054,-7,0.214,37,celesta
11.254,-18,0.572,33,flute
11.268,-3,0.388,37,celesta
11.478,2,0.321,37,celesta
11.692,5,0.178,49,celesta
11.911,9,0.031,71,celesta
12.116,-18,0.567,33,flute
12.125,5,0.143,21,celesta
12.134,16,0.076,84,celesta
12.134,12,0.076,68,celesta
12.134,9,0.103,49,celesta
12.554,9,0.035,68,celesta
12.554,12,0.04,68,celesta
12.554,2,0.08,18,celesta
12.554,5,0.08,43,celesta
12.969,-18,0.549,33,flute
12.982,-10,0.103,21,celesta
12.987,-3,0.133,30,celesta
12.995,4,0.072,59,celesta
12.995,0,0.09,21,celesta
13.0,7,0.022,71,celesta
13.406,-3,0.143,43,celesta
13.406,0,0.143,52,celesta
13.406,4,0.143,55,celesta
13.406,-7,0.174,24,celesta
13.826,-18,0.571,33,flute
13.835,-17,1.348,37,celesta
13.839,-7,0.21,33,celesta
13.839,-3,0.237,52,celesta
13.839,-1,0.277,30,celesta
13.839,4,0.384,33,celesta
14.683,-18,0.679,33,flute
15.433,-17,0.862,27,celesta
15.545,-10,1.5,33,celesta
15.545,-7,1.5,52,celesta
15.545,-18,0.709,33,flute
15.576,-4,1.469,59,celesta
15.652,2,1.357,62,celesta
16.397,-9,0.612,33,flute
17.254,-18,0.116,74,flute
17.254,-9,0.215,40,flute
17.254,-25,0.679,71,flute
17.259,-5,3.281,52,vibraphone
17.259,-1,3.388,43,vibraphone
17.259,4,5.103,52,vibraphone
17.259,0,5.143,59,vibraphone
17.304,-24,1.058,96,guitar
17.312,-5,2.585,62,celesta
17.317,0,2.585,65,celesta
17.321,4,2.581,71,celesta
17.683,-9,0.107,11,flute
18.116,-9,0.138,77,flute
18.116,-18,0.174,62,flute
18.116,-20,0.174,71,flute
18.54,-24,0.214,71,guitar
18.545,-25,0.138,43,flute
18.545,-9,0.174,11,flute
18.973,-24,1.031,74,guitar
18.973,-18,0.103,68,flute
18.978,-25,0.705,77,flute
18.982,-9,0.201,18,flute
19.397,-9,0.143,27,flute
19.83,-18,0.139,65,flute
19.83,-9,0.179,90,flute
19.83,-20,0.603,74,flute
20.254,-24,0.358,65,guitar
20.259,-9,0.138,24,flute
20.504,-8,1.536,55,celesta
20.576,-4,1.504,52,celesta
20.652,0,1.352,74,celesta
20.683,-20,1.143,100,guitar
20.687,4,1.317,74,celesta
20.687,-4,3.246,65,vibraphone
20.692,-18,0.134,65,flute
20.696,-25,0.594,74,flute
20.701,-9,0.196,55,flute
21.112,-9,0.142,21,flute
21.54,-18,0.143,65,flute
21.54,-20,0.179,77,flute
21.54,-9,0.179,96,flute
21.973,-25,0.139,62,flute
21.978,-9,0.205,27,flute
22.219,-8,1.535,49,celesta
22.29,-4,1.5,49,celesta
22.366,-1,1.317,55,celesta
22.397,-18,0.107,65,flute
22.397,-9,0.179,74,flute
22.397,-25,0.572,74,flute
22.402,-20,0.928,100,guitar
22.402,2,1.245,68,celesta
22.402,2,1.674,49,vibraphone
22.402,-1,4.924,59,vibraphone
22.826,-9,0.071,11,flute
23.04,-9,0.179,90,flute
23.254,-18,0.108,68,flute
23.254,-20,0.608,77,flute
23.259,-28,0.857,84,guitar
23.469,-9,0.071,30,flute
23.683,-9,0.25,81,flute
23.937,-8,2.858,55,celesta
24.004,-5,2.791,55,celesta
24.08,-3,2.715,62,celesta
24.112,-18,0.111,74,flute
24.112,-9,0.214,77,flute
24.112,-25,0.535,74,flute
24.116,-27,1.286,96,guitar
24.116,-3,1.567,59,vibraphone
24.116,0,6.71,14,vibraphone
24.116,4,6.746,27,vibraphone
24.147,0,2.648,74,celesta
24.54,-9,0.107,24,flute
24.973,-18,0.067,74,flute
24.973,-20,0.139,77,flute
24.982,-9,0.13,84,flute
25.397,-25,0.107,55,flute
25.402,-20,0.388,77,guitar
25.402,-9,0.174,33,flute
25.826,-5,1.607,33,vibraphone
25.83,-13,0.603,65,guitar
25.83,-18,0.067,77,flute
25.835,-25,0.638,81,flute
25.839,-9,0.165,30,flute
26.254,-9,0.143,30,flute
26.469,-15,0.607,74,guitar
26.683,-18,0.112,68,flute
26.692,-9,0.174,77,flute
26.692,-20,0.598,71,flute
27.112,-20,0.392,81,guitar
27.116,-9,0.174,21,flute
27.362,-6,2.785,43,celesta
27.437,-3,2.679,40,celesta
27.469,0,2.647,62,celesta
27.54,-22,1.107,71,guitar
27.54,-18,0.076,74,flute
27.545,4,2.571,62,celesta
27.545,-6,3.352,55,vibraphone
27.545,-3,3.388,43,vibraphone
27.553,-9,0.166,37,flute
27.553,-25,0.594,74,flute
27.969,-9,0.178,8,flute
28.411,-18,0.058,74,flute
28.411,-20,0.129,81,flute
28.411,-9,0.165,68,flute
28.826,-22,0.178,68,guitar
28.83,-25,0.112,55,flute
28.83,-9,0.223,30,flute
29.259,-22,1.103,71,guitar
29.259,-18,0.089,62,flute
29.259,-9,0.223,37,flute
29.259,-25,0.531,74,flute
29.683,-9,0.179,27,flute
30.134,-18,0.067,74,flute
30.134,-9,0.192,81,flute
30.134,-20,0.344,77,flute
30.545,-22,0.174,52,guitar
30.545,-9,0.147,30,flute
30.866,-7,1.429,52,celesta
30.897,-3,1.398,52,celesta
30.897,0,1.398,37,celesta
30.969,5,1.326,71,celesta
30.973,-17,1.674,100,guitar
30.973,-3,1.531,68,vibraphone
30.973,5,1.638,65,vibraphone
30.973,0,1.746,65,vibraphone
30.995,-18,0.085,77,flute
30.995,-9,0.233,59,flute
30.995,-25,0.518,71,flute
31.415,-9,0.125,18,flute
31.839,-18,0.103,74,flute
31.839,-20,0.174,68,flute
31.848,-9,0.165,77,flute
32.268,-25,0.138,49,flute
32.268,-9,0.138,21,flute
32.295,-22,0.031,74,guitar
32.576,-5,1.357,27,celesta
32.616,-1,1.321,52,celesta
32.683,-17,1.143,74,guitar
32.687,2,1.282,43,celesta
32.687,-1,1.532,52,vibraphone
32.687,2,1.715,52,vibraphone
32.687,7,4.853,68,vibraphone
32.71,-18,0.053,77,flute
32.71,-9,0.21,52,flute
32.71,-25,0.513,81,flute
32.723,7,1.214,84,celesta
33.125,-9,0.143,21,flute
33.553,-18,0.067,74,flute
33.558,-20,0.384,71,flute
33.562,-9,0.161,74,flute
33.973,-23,0.281,59,guitar
33.986,-9,0.161,21,flute
34.183,-22,0.178,59,guitar
34.295,-5,1.392,52,celesta
34.326,-2,1.321,43,celesta
34.397,1,1.29,46,celesta
34.402,-26,1.285,81,guitar
34.402,-2,1.531,65,vibraphone
34.402,1,1.745,49,vibraphone
34.42,-18,0.062,65,flute
34.424,-25,0.344,84,flute
34.433,7,1.254,81,celesta
34.433,-9,0.196,59,flute
34.835,-9,0.147,27,flute
35.263,-18,0.072,77,flute
35.263,-20,0.143,71,flute
35.263,-9,0.17,84,flute
35.692,-26,0.348,55,guitar
35.705,-25,0.085,65,flute
35.705,-9,0.125,33,flute
36.009,-5,1.393,55,celesta
36.076,-1,1.326,49,celesta
36.111,-25,0.822,71,guitar
36.116,2,1.245,59,celesta
36.116,-1,0.888,59,vibraphone
36.116,2,1.638,65,vibraphone
36.134,-18,0.058,71,flute
36.138,-9,0.157,84,flute
36.138,-25,0.268,77,flute
36.152,7,1.25,68,celesta
36.763,-9,0.219,59,flute
36.969,-5,4.116,59,vibraphone
36.973,-25,0.822,77,guitar
36.986,-18,0.067,71,flute
36.995,-20,0.34,81,flute
37.192,-9,0.071,37,flute
37.415,-9,0.232,84,flute
37.719,-5,2.821,49,celesta
37.79,0,2.786,49,celesta
37.826,0,3.143,68,vibraphone
37.826,4,3.147,65,vibraphone
37.826,-1,3.178,65,vibraphone
37.83,-24,1.317,90,guitar
37.83,7,2.715,71,celesta
37.83,4,2.75,65,celesta
37.848,-18,0.063,71,flute
37.848,-9,0.205,65,flute
37.848,-25,0.447,77,flute
38.263,-9,0.098,30,flute
38.687,-18,0.072,74,flute
38.687,-20,0.143,71,flute
38.687,-9,0.183,81,flute
39.116,-17,0.429,77,guitar
39.12,-25,0.108,55,flute
39.12,-9,0.21,33,flute
39.545,-10,0.638,74,guitar
39.549,-18,0.098,71,flute
39.549,-9,0.21,43,flute
39.549,-25,0.527,74,flute
39.973,-9,0.143,14,flute
40.183,-12,0.464,71,guitar
40.402,-18,0.071,77,flute
40.402,-20,0.433,81,flute
40.411,-9,0.209,81,flute
40.611,-17,0.143,68,guitar
40.826,-24,0.321,65,guitar
40.835,-9,0.174,24,flute
41.259,-29,0.852,96,guitar
41.259,2,1.54,71,vibraphone
41.259,5,1.571,71,vibraphone
41.259,-2,3.357,46,vibraphone
41.259,-18,0.076,74,flute
41.259,-9,0.214,55,flute
41.259,-25,0.495,71,flute
41.268,-2,1.093,65,celesta
41.268,9,2.134,71,celesta
41.683,-9,0.143,21,flute
41.687,2,1.148,68,celesta
42.111,-17,0.786,96,guitar
42.116,9,2.54,74,vibraphone
42.12,5,0.911,62,celesta
42.125,-18,0.094,81,flute
42.129,-20,0.161,84,flute
42.134,-9,0.156,96,flute
42.545,-2,1.906,52,celesta
42.545,-25,0.142,30,flute
42.549,-9,0.21,27,flute
42.969,1,1.5,65,celesta
42.973,-24,0.866,100,guitar
42.973,1,1.683,49,vibraphone
42.973,4,1.683,74,vibraphone
42.986,-18,0.076,74,flute
42.991,-25,0.37,74,flute
42.995,-9,0.157,74,flute
43.397,-9,0.072,11,flute
43.402,4,1.053,52,celesta
43.611,-9,0.179,90,flute
43.826,-18,0.08,84,flute
43.83,12,0.826,81,vibraphone
43.835,9,0.384,65,celesta
43.835,-20,0.276,81,flute
43.844,-12,0.205,81,guitar
44.049,-9,0.062,30,flute
44.053,-17,0.17,81,guitar
44.254,-9,0.255,81,flute
44.259,-24,0.268,71,guitar
44.263,7,0.143,68,celesta
44.616,-3,3.183,55,celesta
44.683,-18,0.147,74,flute
44.683,-9,0.214,77,flute
44.683,-25,0.5,62,flute
44.687,0,0.862,43,celesta
44.692,-7,6.634,68,vibraphone
44.696,-3,3.344,71,vibraphone
44.701,-19,1.018,100,guitar
44.701,0,0.884,74,vibraphone
44.705,5,3.375,81,vibraphone
44.705,9,3.411,81,vibraphone
44.754,4,3.072,62,celesta
45.111,-9,0.108,24,flute
45.54,-18,0.183,62,flute
45.544,1,0.822,100,vibraphone
45.544,-20,0.139,74,flute
45.553,1,0.902,71,celesta
45.553,-9,0.13,84,flute
45.973,-25,0.107,49,flute
45.973,-9,0.174,33,flute
45.978,-19,0.098,90,guitar
46.402,2,1.468,62,celesta
46.402,2,1.678,65,vibraphone
46.402,-18,0.102,68,flute
46.402,-9,0.174,30,flute
46.402,-25,0.388,68,flute
46.411,-19,1.531,96,guitar
46.826,-9,0.143,30,flute
47.259,-18,0.138,65,flute
47.259,-20,0.174,77,flute
47.259,-9,0.178,77,flute
47.683,-9,0.178,21,flute
48.116,-7,2.536,65,celesta
48.116,-5,2.54,81,celesta
48.116,-1,2.545,71,celesta
48.116,4,1.714,100,vibraphone
48.116,7,1.714,84,vibraphone
48.116,-1,3.138,37,vibraphone
48.116,-5,3.21,59,vibraphone
48.12,-17,1.219,96,guitar
48.125,-18,0.134,65,flute
48.125,-9,0.165,37,flute
48.125,-25,0.277,71,flute
48.54,-9,0.179,8,flute
48.973,-18,0.138,65,flute
48.973,-20,0.138,71,flute
48.973,-9,0.21,68,flute
49.397,-23,0.116,59,guitar
49.397,-22,0.371,62,guitar
49.402,-25,0.102,55,flute
49.406,-9,0.205,30,flute
49.83,-29,0.831,59,guitar
49.83,5,1.246,71,vibraphone
49.83,2,1.286,68,vibraphone
49.83,-18,0.107,65,flute
49.83,-9,0.21,37,flute
49.83,-25,0.281,71,flute
50.254,-9,0.179,27,flute
50.683,-18,0.107,68,flute
50.683,-9,0.214,81,flute
50.683,-20,0.321,71,flute
50.696,-17,0.773,81,guitar
51.116,-9,0.143,30,flute
51.54,4,1.5,46,vibraphone
51.54,0,1.571,68,vibraphone
51.54,-4,3.25,43,vibraphone
51.54,-8,3.469,43,vibraphone
51.544,-1,0.853,74,celesta
51.544,-18,0.112,74,flute
51.544,-9,0.21,59,flute
51.544,-25,0.46,74,flute
51.562,-20,1.782,90,guitar
51.969,-9,0.142,18,flute
51.973,-8,0.964,65,celesta
52.397,-4,0.647,90,celesta
52.397,4,0.683,74,celesta
52.402,-18,0.067,74,flute
52.402,-20,0.138,74,flute
52.402,-9,0.174,77,flute
52.826,-25,0.143,46,flute
52.83,-1,0.223,71,celesta
52.835,-9,0.138,21,flute
53.254,-18,0.081,77,flute
53.254,-9,0.215,52,flute
53.254,-25,0.536,77,flute
53.259,-28,1.504,84,guitar
53.259,-1,1.495,62,celesta
53.259,2,1.531,68,vibraphone
53.259,-1,1.567,81,vibraphone
53.263,8,0.889,81,celesta
53.683,4,1.214,65,celesta
53.687,-9,0.139,21,flute
54.111,-18,0.072,68,flute
54.111,-9,0.179,74,flute
54.111,-20,0.572,77,flute
54.116,11,0.495,81,celesta
54.54,8,0.393,52,celesta
54.544,-9,0.175,21,flute
54.969,-1,0.785,81,vibraphone
54.969,0,1.5,81,vibraphone
54.969,4,1.5,74,vibraphone
54.973,0,0.746,71,celesta
54.973,9,1.286,71,celesta
54.973,-18,0.112,74,flute
54.973,-9,0.21,59,flute
54.973,-25,0.638,71,flute
54.991,-27,1.089,100,guitar
55.397,-9,0.143,27,flute
55.402,4,0.928,46,celesta
55.826,-3,0.785,62,vibraphone
55.83,0,0.496,74,celesta
55.835,-18,0.062,74,flute
55.839,-9,0.165,84,flute
55.839,-20,0.165,65,flute
56.259,-3,0.071,49,celesta
56.263,-25,0.098,49,flute
56.268,-27,0.276,74,guitar
56.268,-9,0.129,33,flute
56.687,-24,0.79,100,guitar
56.687,-2,1.353,77,vibraphone
56.687,-12,1.424,71,vibraphone
56.687,-18,0.085,62,flute
56.687,-25,0.567,77,flute
56.696,2,0.665,46,vibraphone
56.696,-9,0.201,84,flute
56.701,5,0.732,49,vibraphone
56.71,9,0.794,68,vibraphone
56.732,-2,1.134,68,celesta
56.736,9,0.733,74,celesta
57.111,2,0.487,59,celesta
57.326,-9,0.218,59,flute
57.54,7,0.862,68,celesta
57.544,4,0.572,77,vibraphone
57.544,1,0.603,62,vibraphone
57.544,7,0.603,90,vibraphone
57.544,-18,0.085,74,flute
57.558,-12,0.165,77,guitar
57.558,-20,0.308,71,flute
57.759,-9,0.067,37,flute
57.768,-17,0.169,74,guitar
57.969,-9,0.25,84,flute
57.977,-24,0.282,68,guitar
58.29,-3,3.036,49,celesta
58.326,0,0.933,81,celesta
58.397,0,0.893,68,vibraphone
58.397,5,3.362,77,vibraphone
58.397,9,3.362,62,vibraphone
58.397,-7,6.572,74,vibraphone
58.402,-18,0.116,77,flute
58.402,-9,0.209,65,flute
58.402,-25,0.602,68,flute
58.419,-19,1.125,100,guitar
58.451,4,0.875,68,celesta
58.826,-9,0.107,30,flute
59.254,1,0.786,100,vibraphone
59.259,-18,0.102,74,flute
59.263,-9,0.17,81,flute
59.263,-20,0.206,71,flute
59.33,1,0.817,84,celesta
59.683,-25,0.143,65,flute
59.687,-24,0.317,84,guitar
59.692,-9,0.205,33,flute
60.111,2,1.643,65,vibraphone
60.116,2,1.281,62,celesta
60.12,-31,1.313,68,guitar
60.134,-18,0.053,77,flute
60.134,-9,0.205,43,flute
60.134,-25,0.486,74,flute
60.553,-9,0.13,14,flute
60.982,-18,0.067,74,flute
60.991,-20,0.558,71,flute
60.995,-9,0.201,81,flute
61.397,-9,0.183,24,flute
61.611,-30,0.179,81,guitar
61.83,-29,1.246,96,guitar
61.83,-7,1.317,71,celesta
61.83,-5,1.317,74,celesta
61.83,4,1.674,100,vibraphone
61.83,7,1.679,100,vibraphone
61.83,-5,3.143,65,vibraphone
61.83,-1,3.143,65,vibraphone
61.839,-1,1.344,68,celesta
61.861,-18,0.076,65,flute
61.861,-25,0.469,74,flute
61.87,-9,0.148,49,flute
62.263,-9,0.179,40,flute
62.692,-18,0.067,77,flute
62.692,-20,0.138,84,flute
62.692,-9,0.178,74,flute
63.116,-22,0.428,71,guitar
63.12,-25,0.112,65,flute
63.12,-9,0.179,24,flute
63.54,7,0.821,90,celesta
63.54,-5,1.397,62,celesta
63.544,-29,0.817,74,guitar
63.544,5,1.389,68,vibraphone
63.544,2,1.429,62,vibraphone
63.562,-18,0.063,71,flute
63.567,-9,0.192,49,flute
63.567,-25,0.732,71,flute
63.973,-9,0.183,24,flute
64.402,5,0.709,81,celesta
64.402,-18,0.084,71,flute
64.406,-9,0.21,74,flute
64.406,-20,0.607,96,flute
64.41,-28,0.38,77,guitar
64.826,-9,0.183,30,flute
65.259,-3,1.067,71,celesta
65.259,4,1.638,81,celesta
65.259,-3,0.781,74,vibraphone
65.259,0,3.424,100,vibraphone
65.259,4,4.281,81,vibraphone
65.259,-18,0.076,71,flute
65.259,-9,0.214,52,flute
65.259,-25,0.607,77,flute
65.312,-27,1.192,74,guitar
65.687,0,1.032,81,celesta
65.692,-9,0.174,33,flute
66.111,-4,0.898,84,vibraphone
66.116,9,1.317,77,celesta
66.116,-18,0.067,74,flute
66.116,-9,0.21,77,flute
66.116,-20,0.21,68,flute
66.54,-15,0.214,96,guitar
66.544,-3,1.782,65,celesta
66.544,-25,0.108,59,flute
66.544,-9,0.183,33,flute
66.969,-5,1.607,68,vibraphone
66.973,-15,1.281,100,guitar
66.973,0,1.321,71,celesta
66.977,-18,0.103,71,flute
66.977,-9,0.206,40,flute
66.977,-25,0.603,71,flute
67.397,-9,0.143,21,flute
67.402,4,0.464,62,celesta
67.83,9,0.429,74,celesta
67.835,-18,0.062,77,flute
67.835,-9,0.174,77,flute
67.835,-20,0.562,74,flute
68.259,4,0.067,81,celesta
68.263,-9,0.134,43,flute
68.294,-20,0.175,96,guitar
68.504,-27,0.143,62,guitar
68.58,-7,0.353,62,celesta
68.611,-4,1.679,71,celesta
68.683,-4,1.714,52,vibraphone
68.683,0,2.536,62,vibraphone
68.683,-7,3.25,59,vibraphone
68.687,-19,1.107,96,guitar
68.687,0,1.103,90,celesta
68.687,-18,0.112,74,flute
68.687,-9,0.179,33,flute
68.687,-25,0.572,68,flute
69.111,-9,0.183,14,flute
69.116,-7,1.067,71,celesta
69.54,5,0.786,49,vibraphone
69.544,5,0.71,62,celesta
69.544,-20,0.179,81,flute
69.544,-18,0.179,62,flute
69.544,-9,0.21,74,flute
69.969,-19,0.214,71,guitar
69.973,0,0.433,74,celesta
69.977,-25,0.103,65,flute
69.977,-9,0.17,24,flute
70.397,-3,0.822,68,vibraphone
70.397,4,0.862,49,vibraphone
70.402,-17,1.031,74,guitar
70.406,-18,0.103,68,flute
70.406,-9,0.205,55,flute
70.406,-25,0.42,68,flute
70.83,-9,0.139,18,flute
71.04,-25,0.107,43,flute
71.254,-18,0.143,65,flute
71.254,-9,0.219,71,flute
71.254,-20,0.362,84,flute
71.259,7,0.893,71,celesta
71.259,-4,0.71,49,vibraphone
71.259,-1,0.714,62,vibraphone
71.259,2,0.714,52,vibraphone
71.683,-29,0.393,65,guitar
71.687,-25,0.103,30,flute
71.897,-9,0.04,27,flute
72.111,-5,3.286,52,vibraphone
72.111,-1,3.393,43,vibraphone
72.111,0,4.929,59,vibraphone
72.111,4,6.791,52,vibraphone
72.116,-24,1.103,96,guitar
72.116,-5,0.036,62,celesta
72.134,-18,0.093,74,flute
72.134,-9,0.227,59,flute
72.134,-25,0.477,74,flute
72.152,0,2.602,65,celesta
72.152,4,2.607,71,celesta
72.54,-9,0.112,33,flute
72.973,-18,0.174,62,flute
72.973,-20,0.179,81,flute
72.973,-9,0.179,71,flute
73.397,-24,0.214,71,guitar
73.402,-25,0.138,52,flute
73.406,-9,0.21,21,flute
73.826,-18,0.107,68,flute
73.83,-24,1.031,74,guitar
73.83,-9,0.174,27,flute
73.83,-25,0.607,71,flute
74.254,-9,0.143,11,flute
74.687,-18,0.139,65,flute
74.687,-9,0.179,71,flute
74.687,-20,0.643,81,flute
75.111,-24,0.398,65,guitar
75.116,-9,0.21,24,flute
75.361,-8,1.536,55,celesta
75.433,-4,1.5,52,celesta
75.504,0,1.357,74,celesta
75.54,-4,3.254,65,vibraphone
75.544,-16,1.139,100,guitar
75.544,4,1.317,74,celesta
75.549,-18,0.134,65,flute
75.553,-9,0.201,40,flute
75.553,-25,0.523,71,flute
75.968,-9,0.143,21,flute
76.402,-18,0.138,65,flute
76.402,-9,0.174,71,flute
76.402,-20,0.209,77,flute
76.83,-16,0.496,59,guitar
76.83,-25,0.138,43,flute
76.835,-9,0.169,43,flute
77.076,-8,1.535,49,celesta
77.147,-4,1.5,49,celesta
77.183,-1,1.357,55,celesta
77.254,-20,0.822,100,guitar
77.259,2,1.245,68,celesta
77.259,2,1.678,49,vibraphone
77.259,-1,4.924,59,vibraphone
77.263,-18,0.098,65,flute
77.263,-25,0.563,74,flute
77.268,-9,0.2,24,flute
77.683,-9,0.143,14,flute
78.111,-18,0.107,68,flute
78.116,-28,0.857,84,guitar
78.116,-20,0.536,77,flute
78.125,-9,0.201,77,flute
78.544,-9,0.108,27,flute
78.826,-8,2.821,55,celesta
78.861,-5,2.791,55,celesta
78.937,-3,2.715,62,celesta
78.973,-27,1.286,96,guitar
78.973,-3,1.567,59,vibraphone
78.973,0,6.719,14,vibraphone
78.973,4,6.75,27,vibraphone
78.973,-18,0.107,74,flute
78.973,-25,0.567,81,flute
78.986,-9,0.161,55,flute
79.04,0,2.612,74,celesta
79.397,-9,0.143,21,flute
79.826,-18,0.071,74,flute
79.826,-20,0.178,74,flute
79.826,-9,0.178,68,flute
80.254,-25,0.143,65,flute
80.259,-20,0.428,77,guitar
80.263,-9,0.174,30,flute
80.683,-5,1.611,33,vibraphone
80.687,-13,0.603,65,guitar
80.687,-18,0.067,77,flute
80.687,-9,0.174,49,flute
80.687,-25,0.643,77,flute
81.111,-9,0.143,24,flute
81.326,-15,0.607,74,guitar
81.544,-18,0.067,68,flute
81.549,-20,0.598,74,flute
81.553,-9,0.17,77,flute
81.968,-20,0.393,81,guitar
81.973,-9,0.138,30,flute
82.218,-6,2.791,43,celesta
82.294,-3,2.683,40,celesta
82.326,0,2.651,62,celesta
82.397,-22,1.107,71,guitar
82.397,-18,0.076,74,flute
82.397,-9,0.179,71,flute
82.397,-25,0.571,81,flute
82.402,-6,3.361,55,vibraphone
82.402,-3,3.392,43,vibraphone
82.406,4,2.571,62,celesta
82.826,-9,0.178,24,flute
83.259,-18,0.071,74,flute
83.259,-20,0.143,74,flute
83.259,-9,0.174,55,flute
83.683,-25,0.143,62,flute
83.687,-22,0.148,68,guitar
83.692,-9,0.138,18,flute
84.111,-18,0.072,62,flute
84.111,-9,0.215,52,flute
84.111,-25,0.679,81,flute
84.12,-22,1.107,71,guitar
84.54,-9,0.071,21,flute
84.754,-9,0.179,65,flute
84.968,-18,0.072,74,flute
84.973,-20,0.643,71,flute
85.183,-9,0.071,33,flute
85.397,-9,0.214,74,flute
85.402,-22,0.183,52,guitar
85.723,-7,1.428,52,celesta
85.763,-3,1.388,52,celesta
85.763,0,1.388,37,celesta
85.826,-18,0.116,77,flute
85.826,-9,0.178,59,flute
85.826,-25,0.678,77,flute
85.83,5,1.321,71,celesta
85.835,-3,1.531,68,vibraphone
85.839,0,1.759,65,vibraphone
85.843,-17,1.326,100,guitar
85.848,5,1.625,65,vibraphone
86.254,-9,0.143,18,flute
86.683,-18,0.107,74,flute
86.683,-20,0.143,71,flute
86.683,-9,0.178,71,flute
87.089,-23,0.08,59,guitar
87.116,-25,0.107,68,flute
87.116,-9,0.174,24,flute
87.169,-22,0.335,74,guitar
87.437,-5,1.353,27,celesta
87.509,-1,1.285,52,celesta
87.54,-18,0.116,77,flute
87.54,-9,0.214,40,flute
87.54,-25,0.607,71,flute
87.544,-1,1.536,52,vibraphone
87.549,2,1.281,43,celesta
87.549,2,1.71,52,vibraphone
87.558,7,4.839,68,vibraphone
87.562,-29,1.13,74,guitar
87.58,7,1.214,84,celesta
87.968,-9,0.143,30,flute
88.401,-18,0.067,74,flute
88.401,-9,0.175,74,flute
88.401,-20,0.639,81,flute
88.83,-23,0.286,59,guitar
88.83,-9,0.138,37,flute
89.044,-22,0.188,59,guitar
89.147,-5,1.397,52,celesta
89.218,-2,1.286,43,celesta
89.259,1,1.285,46,celesta
89.259,-2,1.531,65,vibraphone
89.259,1,1.714,49,vibraphone
89.263,-18,0.076,65,flute
89.263,-9,0.17,59,flute
89.263,-25,0.741,71,flute
89.276,-17,1.273,81,guitar
89.294,7,1.25,81,celesta
89.683,-9,0.107,33,flute
90.116,-18,0.067,77,flute
90.116,-9,0.138,74,flute
90.116,-20,0.21,68,flute
90.544,-25,0.139,65,flute
90.549,-22,0.393,55,guitar
90.549,-9,0.169,40,flute
90.861,-5,1.393,55,celesta
90.933,-1,1.326,49,celesta
90.968,-18,0.085,71,flute
90.968,-9,0.179,52,flute
90.968,-25,0.75,65,flute
90.973,2,1.245,59,celesta
90.973,-1,0.893,59,vibraphone
90.973,2,1.674,65,vibraphone
90.991,-29,0.808,71,guitar
91.009,7,1.25,68,celesta
91.397,-9,0.107,27,flute
91.826,-5,4.107,59,vibraphone
91.83,-18,0.067,71,flute
91.83,-9,0.174,74,flute
91.83,-20,0.603,74,flute
91.835,-25,0.816,77,guitar
92.259,-9,0.142,24,flute
92.576,-5,2.821,49,celesta
92.651,0,2.782,49,celesta
92.683,-18,0.098,71,flute
92.683,-9,0.187,62,flute
92.683,-25,0.607,74,flute
92.687,7,2.714,71,celesta
92.687,4,2.746,65,celesta
92.687,-1,3.174,65,vibraphone
92.692,0,3.134,68,vibraphone
92.696,4,3.13,65,vibraphone
92.701,-24,1.317,90,guitar
93.129,-9,0.139,30,flute
93.54,-18,0.085,74,flute
93.54,-20,0.187,71,flute
93.54,-9,0.192,77,flute
93.973,-17,0.424,77,guitar
93.986,-25,0.09,65,flute
93.991,-9,0.12,33,flute
94.397,-10,0.643,74,guitar
94.401,-18,0.067,71,flute
94.401,-9,0.184,49,flute
94.401,-25,0.728,74,flute
94.843,-9,0.099,27,flute
95.04,-12,0.473,71,guitar
95.272,-18,0.054,77,flute
95.276,-20,0.63,71,flute
95.281,-9,0.12,74,flute
95.473,-17,0.143,68,guitar
95.683,-24,0.321,65,guitar
95.696,-9,0.094,27,flute
96.111,2,1.536,71,vibraphone
96.111,5,1.572,71,vibraphone
96.111,-2,3.357,46,vibraphone
96.116,-29,0.857,96,guitar
96.116,-2,1.102,65,celesta
96.116,9,2.143,71,celesta
96.116,-18,0.085,74,flute
96.116,-9,0.138,52,flute
96.116,-25,0.647,74,flute
96.544,2,1.139,68,celesta
96.553,-9,0.098,30,flute
96.968,9,2.541,74,vibraphone
96.973,-17,0.786,96,guitar
96.973,5,0.888,62,celesta
96.991,-18,0.067,81,flute
96.991,-20,0.165,81,flute
96.991,-9,0.165,77,flute
97.401,-2,1.889,52,celesta
97.415,-25,0.138,65,flute
97.419,-9,0.09,40,flute
97.826,1,1.5,65,celesta
97.83,-24,0.857,100,guitar
97.83,1,1.679,49,vibraphone
97.83,4,1.679,74,vibraphone
97.848,-18,0.058,74,flute
97.852,-9,0.134,74,flute
97.852,-25,0.514,84,flute
98.259,4,1.031,52,celesta
98.272,-9,0.067,40,flute
98.477,-9,0.143,71,flute
98.683,12,0.826,81,vibraphone
98.687,9,0.389,65,celesta
98.692,-12,0.205,81,guitar
98.705,-18,0.063,84,flute
98.705,-20,0.429,81,flute
98.901,-17,0.179,81,guitar
98.919,-9,0.027,30,flute
99.111,-24,0.255,71,guitar
99.116,7,0.138,68,celesta
99.134,-9,0.165,71,flute
99.468,-3,3.179,55,celesta
99.54,0,0.861,43,celesta
99.544,0,0.889,74,vibraphone
99.544,-3,3.353,71,vibraphone
99.544,5,3.393,81,vibraphone
99.544,9,3.393,81,vibraphone
99.544,-7,6.639,68,vibraphone
99.553,-19,1.023,100,guitar
99.567,-18,0.116,74,flute
99.567,-9,0.169,55,flute
99.567,-25,0.616,74,flute
99.576,4,3.107,62,celesta
99.973,-9,0.111,18,flute
100.397,1,0.821,100,vibraphone
100.401,1,0.889,71,celesta
100.41,-18,0.179,62,flute
100.415,-20,0.183,68,flute
100.419,-9,0.183,71,flute
100.826,-19,0.111,90,guitar
100.83,-25,0.138,62,flute
100.834,-9,0.108,24,flute
101.254,2,1.679,65,vibraphone
101.259,-19,1.531,96,guitar
101.259,2,1.459,62,celesta
101.263,-18,0.107,68,flute
101.263,-9,0.179,46,flute
101.263,-25,0.567,77,flute
101.687,-9,0.072,18,flute
102.12,-18,0.134,65,flute
102.12,-9,0.174,77,flute
102.12,-20,0.393,81,flute
102.544,-9,0.143,24,flute
102.968,-7,2.536,65,celesta
102.968,-5,2.541,81,celesta
102.968,-1,2.541,71,celesta
102.973,-17,1.21,96,guitar
102.973,4,1.714,100,vibraphone
102.973,7,1.714,84,vibraphone
102.973,-1,3.138,37,vibraphone
102.973,-5,3.21,59,vibraphone
102.986,-18,0.134,65,flute
102.986,-9,0.161,46,flute
102.986,-25,0.451,74,flute
103.401,-9,0.143,14,flute
103.83,-18,0.143,65,flute
103.83,-20,0.174,71,flute
103.83,-9,0.174,68,flute
104.259,-23,0.067,59,guitar
104.259,-22,0.352,62,guitar
104.263,-25,0.098,65,flute
104.268,-9,0.165,30,flute
104.683,-29,0.826,59,guitar
104.687,5,1.246,71,vibraphone
104.687,2,1.281,68,vibraphone
104.705,-18,0.085,65,flute
104.705,-9,0.161,40,flute
104.705,-25,0.513,74,flute
105.116,-9,0.174,21,flute
105.544,-17,0.782,81,guitar
105.553,-18,0.094,68,flute
105.553,-9,0.17,71,flute
105.553,-20,0.308,81,flute
105.973,-9,0.103,21,flute
106.187,-9,0.031,21,flute
106.401,-20,1.782,90,guitar
106.401,-1,0.858,74,celesta
106.401,4,1.496,46,vibraphone
106.401,0,1.567,68,vibraphone
106.401,-4,3.246,43,vibraphone
106.401,-8,3.46,43,vibraphone
106.401,-18,0.108,74,flute
106.401,-9,0.21,68,flute
106.401,-25,0.317,81,flute
106.826,-8,0.964,65,celesta
106.83,-9,0.143,30,flute
107.259,-4,0.638,90,celesta
107.259,4,0.674,74,celesta
107.259,-18,0.075,74,flute
107.263,-20,0.138,81,flute
107.272,-9,0.161,74,flute
107.687,-1,0.21,71,celesta
107.692,-25,0.134,46,flute
107.701,-9,0.16,37,flute
108.116,-28,1.5,84,guitar
108.116,8,0.888,81,celesta
108.116,-1,1.495,62,celesta
108.116,2,1.531,68,vibraphone
108.116,-1,1.602,81,vibraphone
108.116,-18,0.089,77,flute
108.116,-9,0.214,49,flute
108.116,-25,0.495,84,flute
108.54,4,1.214,65,celesta
108.544,-9,0.139,30,flute
108.968,-18,0.072,68,flute
108.973,11,0.495,81,celesta
108.973,-9,0.174,68,flute
108.973,-20,0.46,81,flute
109.397,8,0.393,52,celesta
109.401,-9,0.175,18,flute
109.826,0,0.75,71,celesta
109.826,9,1.29,71,celesta
109.83,-27,1.103,100,guitar
109.83,-1,0.781,81,vibraphone
109.834,0,1.527,81,vibraphone
109.839,4,1.487,74,vibraphone
109.839,-18,0.085,74,flute
109.839,-9,0.165,43,flute
109.839,-25,0.42,71,flute
110.254,4,0.933,46,celesta
110.263,-9,0.134,27,flute
110.683,-3,0.785,62,vibraphone
110.687,0,0.5,74,celesta
110.687,-18,0.067,74,flute
110.687,-20,0.139,74,flute
110.687,-9,0.174,77,flute
111.111,-27,0.286,74,guitar
111.116,-3,0.071,49,celesta
111.116,-25,0.102,62,flute
111.116,-9,0.138,27,flute
111.54,7,0.821,68,vibraphone
111.54,-12,1.719,71,vibraphone
111.54,-4,1.719,77,vibraphone
111.54,2,1.75,46,vibraphone
111.544,-19,0.786,100,guitar
111.544,8,0.782,74,celesta
111.544,5,1.174,68,celesta
111.562,-18,0.058,62,flute
111.562,-9,0.192,90,flute
111.562,-25,0.335,74,flute
111.968,0,0.429,59,celesta
111.977,-9,0.063,27,flute
112.183,-9,0.259,77,flute
112.401,-12,0.175,77,guitar
112.401,12,0.853,68,celesta
112.401,5,0.603,90,vibraphone
112.401,-18,0.072,74,flute
112.401,-20,0.286,81,flute
112.611,-16,0.179,74,guitar
112.616,-9,0.031,30,flute
112.826,-19,0.285,68,guitar
112.83,-9,0.21,90,flute
113.254,7,1.572,77,celesta
113.259,-29,1.245,100,guitar
113.259,-5,3.317,74,vibraphone
113.259,0,5.138,100,vibraphone
113.259,4,8.571,100,vibraphone
113.263,-18,0.098,77,flute
113.263,-9,0.21,65,flute
113.263,-25,0.348,74,flute
113.683,0,0.571,49,celesta
113.687,-9,0.143,37,flute
114.111,-18,0.107,74,flute
114.116,12,0.924,71,celesta
114.116,-20,0.143,74,flute
114.116,-9,0.174,77,flute
114.54,-17,0.107,81,guitar
114.54,-25,0.111,55,flute
114.54,-9,0.143,40,flute
114.544,0,0.567,52,celesta
114.968,7,1.572,65,celesta
114.973,-17,1.21,81,guitar
114.973,7,1.531,68,vibraphone
114.977,-18,0.067,77,flute
114.982,-25,0.558,74,flute
114.986,-9,0.197,49,flute
115.397,0,0.607,59,celesta
115.401,-9,0.139,27,flute
115.826,-18,0.071,74,flute
115.83,12,0.853,71,celesta
115.83,-9,0.179,81,flute
115.83,-20,0.531,74,flute
116.259,-29,0.464,68,guitar
116.259,0,0.567,49,celesta
116.259,-9,0.174,21,flute
116.683,-26,1.143,100,guitar
116.687,7,1.531,84,celesta
116.687,-4,1.603,74,vibraphone
116.692,-18,0.062,65,flute
116.692,-25,0.491,77,flute
116.701,-9,0.16,37,flute
117.111,0,0.5,30,celesta
117.116,-9,0.138,33,flute
117.54,12,0.357,65,celesta
117.544,-18,0.072,77,flute
117.549,-20,0.134,81,flute
117.553,-9,0.165,81,flute
117.968,0,0.357,52,celesta
117.968,-25,0.143,49,flute
117.968,-9,0.179,33,flute
117.973,-26,0.393,71,guitar
118.397,1,1.536,84,vibraphone
118.397,-5,1.607,65,vibraphone
118.401,-27,0.817,65,guitar
118.401,9,1.353,68,celesta
118.41,-18,0.072,71,flute
118.415,-25,0.482,74,flute
118.419,-9,0.192,43,flute
118.83,-9,0.138,30,flute
119.254,-15,0.214,84,guitar
119.259,-3,0.531,65,celesta
119.259,-18,0.066,71,flute
119.267,-20,0.599,81,flute
119.272,-9,0.161,84,flute
119.473,-20,0.214,37,guitar
119.683,1,0.035,33,celesta
119.687,-9,0.138,21,flute
119.692,-27,0.276,68,guitar
120.111,-6,1.429,90,celesta
120.116,-6,1.567,90,vibraphone
120.116,-3,1.567,65,vibraphone
120.116,0,1.741,74,vibraphone
120.116,-18,0.107,71,flute
120.116,-25,0.531,74,flute
120.12,-30,0.813,100,guitar
120.129,-9,0.161,43,flute
120.54,-3,1.071,62,celesta
120.544,-9,0.103,46,flute
120.968,-18,0.898,90,guitar
120.968,-18,0.072,74,flute
120.968,-20,0.143,81,flute
120.973,0,0.781,62,celesta
120.982,-9,0.201,100,flute
121.397,4,0.321,55,celesta
121.401,-25,0.103,59,flute
121.401,-9,0.179,33,flute
121.83,2,0.674,59,celesta
121.83,-1,1.567,90,vibraphone
121.83,-5,3.245,74,vibraphone
121.83,2,3.317,68,vibraphone
121.834,-19,0.777,77,guitar
121.834,-18,0.072,71,flute
121.834,-9,0.17,37,flute
121.834,-25,0.527,77,flute
122.254,-5,1.357,40,celesta
122.259,-9,0.174,18,flute
122.687,-1,0.603,74,celesta
122.696,-31,0.862,71,guitar
122.696,-18,0.067,77,flute
122.705,-20,0.442,84,flute
122.709,-9,0.188,77,flute
123.111,2,1.143,68,celesta
123.12,-9,0.17,43,flute
123.54,-2,1.357,71,celesta
123.544,-2,1.46,90,vibraphone
123.558,-18,0.107,74,flute
123.562,-32,0.804,74,guitar
123.562,-25,0.558,71,flute
123.567,-9,0.151,43,flute
123.968,-9,0.215,18,flute
123.973,-5,0.852,65,celesta
124.401,7,0.782,90,vibraphone
124.41,-18,0.179,62,flute
124.415,-20,0.924,74,guitar
124.415,-20,0.174,81,flute
124.419,-9,0.17,71,flute
124.83,2,0.21,77,celesta
124.83,-9,0.071,30,flute
124.83,-25,0.116,30,flute
125.04,-9,0.192,52,flute
125.259,6,0.04,65,vibraphone
125.259,12,0.745,74,vibraphone
125.259,1,1.602,81,vibraphone
125.259,7,1.638,96,vibraphone
125.259,5,3.316,81,vibraphone
125.263,1,1.527,65,celesta
125.281,-18,0.098,68,flute
125.281,-25,0.411,74,flute
125.285,-27,0.889,68,guitar
125.468,-9,0.192,55,flute
125.683,5,1.214,65,celesta
126.111,12,0.357,71,celesta
126.116,10,0.817,65,vibraphone
126.125,-18,0.138,65,flute
126.125,-9,0.281,81,flute
126.125,-20,0.424,90,flute
126.134,-15,0.428,74,guitar
126.54,10,0.321,65,celesta
126.763,-9,0.116,49,flute
126.968,2,0.393,65,celesta
126.973,9,1.138,81,celesta
126.973,9,0.888,71,vibraphone
126.973,2,1.71,68,vibraphone
126.995,-22,1.197,96,guitar
127.0,-18,0.053,71,flute
127.004,-25,0.585,77,flute
127.009,-9,0.178,52,flute
127.397,5,0.893,62,celesta
127.406,-9,0.178,33,flute
127.825,-3,0.715,71,vibraphone
127.83,2,0.495,62,celesta
127.834,-18,0.072,74,flute
127.834,-20,0.21,68,flute
127.834,-9,0.21,77,flute
128.254,-3,0.321,65,celesta
128.263,-25,0.107,59,flute
128.263,-9,0.179,33,flute
128.267,-22,0.384,74,guitar
128.683,4,0.892,18,vibraphone
128.683,-4,1.5,68,vibraphone
128.683,-1,1.714,62,vibraphone
128.687,-4,1.674,49,celesta
128.7,-18,0.063,71,flute
128.7,-25,0.599,71,flute
128.705,-29,0.803,71,guitar
128.709,-9,0.192,40,flute
129.111,-7,1.107,59,celesta
129.12,-9,0.138,21,flute
129.54,2,0.821,30,vibraphone
129.544,2,0.889,59,celesta
129.544,-18,0.081,77,flute
129.544,-9,0.183,77,flute
129.544,-20,0.572,74,flute
129.553,-17,0.929,81,guitar
129.968,-9,0.148,43,flute
130.397,-8,1.607,52,vibraphone
130.397,-5,1.643,52,vibraphone
130.397,0,3.357,49,vibraphone
130.401,0,1.532,65,celesta
130.415,-18,0.102,74,flute
130.419,-24,1.085,100,guitar
130.419,-25,0.549,68,flute
130.424,-9,0.16,33,flute
130.825,-5,0.536,49,celesta
130.83,-9,0.178,14,flute
131.254,4,0.607,49,celesta
131.258,-18,0.179,62,flute
131.263,-20,0.174,81,flute
131.267,-9,0.206,74,flute
131.683,-5,0.214,49,celesta
131.687,-24,0.438,68,guitar
131.687,-25,0.103,65,flute
131.687,-9,0.179,24,flute
132.111,-7,1.572,74,vibraphone
132.111,-3,1.576,81,vibraphone
132.116,-3,0.567,65,celesta
132.125,-29,0.428,81,guitar
132.133,-18,0.094,68,flute
132.133,-9,0.197,55,flute
132.133,-25,0.411,68,flute
132.325,0,0.429,46,celesta
132.544,5,0.281,27,celesta
132.544,5,1.143,37,vibraphone
132.544,-9,0.143,18,flute
132.558,-17,0.281,81,guitar
132.754,-3,0.893,62,celesta
132.758,-25,0.108,43,flute
132.933,0,0.785,52,celesta
132.968,9,0.79,81,vibraphone
132.973,5,0.388,59,celesta
132.973,-18,0.138,65,flute
132.973,-20,0.352,84,flute
132.977,-9,0.21,71,flute
132.982,-17,0.379,96,guitar
133.004,9,0.5,81,celesta
133.397,7,0.254,81,celesta
133.397,-25,0.116,30,flute
133.401,12,0.317,71,vibraphone
133.41,-29,0.353,74,guitar
133.616,-9,0.076,27,flute
133.825,-18,0.13,74,flute
133.825,-25,0.679,71,flute
133.83,4,2.638,71,celesta
133.83,0,2.638,65,celesta
133.83,-5,2.638,62,celesta
133.83,-5,3.281,52,vibraphone
133.83,-1,3.388,43,vibraphone
133.83,4,5.103,52,vibraphone
133.83,0,5.143,59,vibraphone
133.839,-9,0.205,40,flute
133.848,-24,1.085,96,guitar
134.258,-9,0.103,11,flute
134.687,-9,0.138,77,flute
134.687,-18,0.174,62,flute
134.687,-20,0.174,71,flute
135.111,-25,0.147,43,flute
135.116,-24,0.214,71,guitar
135.12,-9,0.17,11,flute
135.54,-24,1.035,74,guitar
135.549,-18,0.098,68,flute
135.549,-9,0.209,18,flute
135.549,-25,0.709,77,flute
135.968,-9,0.143,27,flute
136.401,-18,0.139,65,flute
136.401,-9,0.21,90,flute
136.401,-20,0.603,74,flute
136.825,-24,0.367,65,guitar
136.83,-9,0.143,24,flute
137.075,-8,1.541,55,celesta
137.147,-4,1.5,52,celesta
137.218,0,1.357,74,celesta
137.254,-4,3.25,65,vibraphone
137.258,4,1.317,74,celesta
137.263,-20,1.134,100,guitar
137.267,-18,0.13,65,flute
137.267,-9,0.206,55,flute
137.267,-25,0.594,74,flute
137.692,-9,0.133,21,flute
138.116,-18,0.138,65,flute
138.116,-20,0.174,77,flute
138.116,-9,0.178,96,flute
138.54,-25,0.143,62,flute
138.54,-9,0.218,27,flute
138.79,-8,1.54,49,celesta
138.861,-4,1.5,49,celesta
138.937,-1,1.321,55,celesta
138.973,2,1.254,68,celesta
138.973,2,1.674,49,vibraphone
138.973,-1,4.928,59,vibraphone
138.977,-18,0.098,65,flute
138.982,-20,0.915,100,guitar
138.982,-9,0.165,74,flute
138.982,-25,0.558,74,flute
139.397,-9,0.071,11,flute
139.611,-9,0.183,90,flute
139.825,-18,0.108,68,flute
139.83,-28,0.857,84,guitar
139.834,-20,0.599,77,flute
140.04,-9,0.071,30,flute
140.258,-9,0.242,81,flute
140.544,-8,2.822,55,celesta
140.575,-5,2.791,55,celesta
140.616,-3,2.75,62,celesta
140.687,-3,1.571,59,vibraphone
140.687,0,6.714,14,vibraphone
140.687,4,6.754,27,vibraphone
140.687,-18,0.107,74,flute
140.687,-9,0.219,77,flute
140.687,-25,0.531,74,flute
140.691,-27,1.282,96,guitar
140.723,0,2.643,74,celesta
141.111,-9,0.107,24,flute
141.544,-18,0.072,74,flute
141.544,-20,0.139,77,flute
141.544,-9,0.139,84,flute
141.968,-25,0.107,55,flute
141.973,-20,0.388,77,guitar
141.977,-9,0.17,33,flute
142.397,-13,0.607,65,guitar
142.401,-5,1.603,33,vibraphone
142.401,-18,0.067,77,flute
142.401,-25,0.643,81,flute
142.406,-9,0.169,30,flute
142.825,-9,0.143,30,flute
143.04,-15,0.607,74,guitar
143.258,-18,0.108,68,flute
143.258,-20,0.603,71,flute
143.263,-9,0.17,77,flute
143.683,-20,0.392,81,guitar
143.687,-9,0.174,21,flute
143.933,-6,2.794,43,celesta
144.008,-3,2.675,40,celesta
144.08,0,2.607,62,celesta
144.116,-22,1.102,71,guitar
144.116,-6,3.357,55,vibraphone
144.116,-3,3.388,43,vibraphone
144.116,-18,0.075,74,flute
144.116,-25,0.602,74,flute
144.12,4,2.567,62,celesta
144.125,-9,0.165,37,flute
144.54,-9,0.178,8,flute
144.973,-18,0.067,74,flute
144.973,-20,0.138,81,flute
144.973,-9,0.174,68,flute
145.397,-22,0.178,68,guitar
145.401,-25,0.103,55,flute
145.401,-9,0.21,30,flute
145.825,-18,0.076,62,flute
145.83,-22,1.103,71,guitar
145.834,-9,0.206,37,flute
145.834,-25,0.527,74,flute
146.258,-9,0.175,27,flute
146.691,-18,0.063,74,flute
146.691,-20,0.349,77,flute
146.696,-9,0.201,81,flute
147.111,-22,0.179,52,guitar
147.116,-9,0.138,30,flute
147.433,-7,1.433,52,celesta
147.473,-3,1.393,52,celesta
147.477,0,1.389,37,celesta
147.54,-3,1.535,68,vibraphone
147.54,5,1.647,65,vibraphone
147.54,0,1.772,65,vibraphone
147.544,-17,1.674,100,guitar
147.544,5,1.322,71,celesta
147.544,-18,0.103,77,flute
147.549,-9,0.241,59,flute
147.549,-25,0.526,71,flute
147.968,-9,0.143,18,flute
148.401,-18,0.103,74,flute
148.401,-20,0.174,68,flute
148.401,-9,0.174,77,flute
148.825,-25,0.143,49,flute
148.825,-9,0.143,21,flute
148.866,-22,0.031,74,guitar
149.147,-5,1.357,27,celesta
149.187,-1,1.317,52,celesta
149.254,-1,1.54,52,vibraphone
149.254,2,1.719,52,vibraphone
149.254,7,4.857,68,vibraphone
149.258,-17,1.143,74,guitar
149.258,2,1.286,43,celesta
149.258,-18,0.081,77,flute
149.258,-9,0.21,52,flute
149.258,-25,0.532,81,flute
149.294,7,1.21,84,celesta
149.683,-9,0.142,21,flute
150.116,-18,0.067,74,flute
150.116,-20,0.392,71,flute
150.12,-9,0.17,74,flute
150.54,-9,0.178,21,flute
150.544,-23,0.281,59,guitar
150.754,-22,0.179,59,guitar
150.861,-5,1.393,52,celesta
150.897,-2,1.321,43,celesta
150.973,-26,1.285,81,guitar
150.973,1,1.285,46,celesta
150.977,-18,0.081,65,flute
150.982,-2,1.526,65,vibraphone
150.982,-9,0.201,59,flute
150.982,-25,0.343,84,flute
150.986,1,1.701,49,vibraphone
151.008,7,1.25,81,celesta
151.397,-9,0.143,27,flute
151.83,-18,0.067,77,flute
151.83,-20,0.138,71,flute
151.83,-9,0.174,84,flute
152.263,-26,0.348,55,guitar
152.263,-25,0.098,65,flute
152.267,-9,0.13,33,flute
152.575,-5,1.398,55,celesta
152.647,-1,1.326,49,celesta
152.687,-25,0.817,71,guitar
152.687,2,1.246,59,celesta
152.687,-18,0.08,71,flute
152.691,-1,0.898,59,vibraphone
152.696,-9,0.165,84,flute
152.696,-25,0.272,77,flute
152.7,2,1.666,65,vibraphone
152.718,7,1.255,68,celesta
153.325,-9,0.183,59,flute
153.54,-25,0.821,77,guitar
153.54,-18,0.071,71,flute
153.544,-5,4.107,59,vibraphone
153.549,-20,0.348,81,flute
153.754,-9,0.071,37,flute
153.973,-9,0.245,84,flute
154.29,-5,2.821,49,celesta
154.366,0,2.785,49,celesta
154.401,7,2.71,71,celesta
154.401,4,2.75,65,celesta
154.401,0,3.139,68,vibraphone
154.401,4,3.139,65,vibraphone
154.401,-1,3.179,65,vibraphone
154.401,-18,0.112,71,flute
154.401,-9,0.21,65,flute
154.401,-25,0.46,77,flute
154.424,-24,1.294,90,guitar
154.825,-9,0.108,30,flute
155.258,-18,0.067,74,flute
155.258,-20,0.139,71,flute
155.258,-9,0.175,81,flute
155.683,-25,0.107,55,flute
155.687,-17,0.433,77,guitar
155.687,-9,0.21,33,flute
156.111,-18,0.072,71,flute
156.12,-9,0.205,43,flute
156.12,-25,0.527,74,flute
156.124,-10,0.634,74,guitar
156.54,-9,0.143,14,flute
156.758,-12,0.433,71,guitar
156.973,-18,0.067,77,flute
156.973,-9,0.21,81,flute
156.973,-20,0.424,81,flute
157.191,-17,0.134,68,guitar
157.401,-24,0.286,65,guitar
157.401,-9,0.179,24,flute
157.83,-2,1.103,65,celesta
157.83,9,2.143,71,celesta
157.834,2,1.527,71,vibraphone
157.834,5,1.563,71,vibraphone
157.834,-2,3.348,46,vibraphone
157.848,-29,0.848,96,guitar
157.852,-18,0.072,74,flute
157.852,-9,0.197,55,flute
157.852,-25,0.473,71,flute
158.254,2,1.143,68,celesta
158.263,-9,0.143,21,flute
158.683,9,2.54,74,vibraphone
158.687,5,0.888,62,celesta
158.7,-17,0.773,96,guitar
158.705,-18,0.103,81,flute
158.705,-20,0.174,84,flute
158.709,-9,0.174,96,flute
159.116,-2,1.888,52,celesta
159.12,-25,0.143,30,flute
159.12,-9,0.21,27,flute
159.544,1,1.496,65,celesta
159.544,1,1.679,49,vibraphone
159.544,4,1.679,74,vibraphone
159.553,-24,0.853,100,guitar
159.562,-18,0.062,74,flute
159.562,-25,0.384,74,flute
159.566,-9,0.17,74,flute
159.973,4,1.031,52,celesta
159.982,-9,0.062,11,flute
160.187,-9,0.183,90,flute
160.397,12,0.839,81,vibraphone
160.401,9,0.389,65,celesta
160.41,-12,0.206,81,guitar
160.415,-18,0.062,84,flute
160.415,-20,0.276,81,flute
160.616,-17,0.191,81,guitar
160.62,-9,0.071,30,flute
160.83,7,0.138,68,celesta
160.834,-24,0.255,71,guitar
160.839,-9,0.25,81,flute
161.182,-3,3.179,55,celesta
161.254,0,0.897,74,vibraphone
161.254,-3,3.357,71,vibraphone
161.254,5,3.397,81,vibraphone
161.254,9,3.433,81,vibraphone
161.254,-7,6.643,68,vibraphone
161.258,0,0.858,43,celesta
161.276,-19,1.023,100,guitar
161.294,-18,0.094,74,flute
161.294,-9,0.183,77,flute
161.294,-25,0.464,62,flute
161.325,4,3.072,62,celesta
161.687,-9,0.112,24,flute
162.111,1,0.821,100,vibraphone
162.116,1,0.888,71,celesta
162.124,-20,0.134,74,flute
162.124,-9,0.134,84,flute
162.124,-18,0.179,62,flute
162.54,-19,0.116,90,guitar
162.544,-25,0.112,49,flute
162.544,-9,0.183,33,flute
162.968,2,1.464,62,celesta
162.973,2,1.674,65,vibraphone
162.977,-19,1.531,96,guitar
162.982,-18,0.107,68,flute
162.986,-9,0.17,30,flute
162.986,-25,0.384,68,flute
163.401,-9,0.143,30,flute
163.83,-18,0.138,65,flute
163.83,-20,0.183,77,flute
163.83,-9,0.183,77,flute
164.258,-9,0.183,21,flute
164.687,-17,1.219,96,guitar
164.687,4,1.714,100,vibraphone
164.687,7,1.714,84,vibraphone
164.687,-1,3.138,37,vibraphone
164.687,-5,3.21,59,vibraphone
164.691,-7,2.527,65,celesta
164.691,-18,0.143,65,flute
164.696,-5,2.527,81,celesta
164.696,-25,0.277,71,flute
164.7,-1,2.523,71,celesta
164.7,-9,0.17,37,flute
165.116,-9,0.178,8,flute
165.54,-18,0.151,65,flute
165.54,-20,0.151,71,flute
165.54,-9,0.214,68,flute
165.968,-25,0.116,55,flute
165.973,-23,0.107,59,guitar
165.973,-22,0.352,62,guitar
165.973,-9,0.209,30,flute
166.397,-29,0.83,59,guitar
166.401,5,1.246,71,vibraphone
166.401,2,1.281,68,vibraphone
166.419,-18,0.094,65,flute
166.419,-25,0.268,71,flute
166.428,-9,0.183,37,flute
166.83,-9,0.178,27,flute
167.258,-17,0.786,81,guitar
167.258,-18,0.103,68,flute
167.258,-9,0.215,81,flute
167.258,-20,0.317,71,flute
167.682,-9,0.148,30,flute
168.111,4,1.5,46,vibraphone
168.111,0,1.571,68,vibraphone
168.111,-4,3.25,43,vibraphone
168.111,-8,3.469,43,vibraphone
168.116,-20,1.785,90,guitar
168.116,-18,0.116,74,flute
168.116,-9,0.209,59,flute
168.116,-25,0.464,74,flute
168.12,-1,0.853,74,celesta
168.544,-8,0.964,65,celesta
168.544,-9,0.138,18,flute
168.973,-4,0.638,90,celesta
168.973,4,0.678,74,celesta
168.973,-18,0.067,74,flute
168.973,-20,0.138,74,flute
168.977,-9,0.17,77,flute
169.401,-25,0.139,46,flute
169.401,-9,0.139,21,flute
169.406,-1,0.21,71,celesta
169.825,-18,0.094,77,flute
169.825,-9,0.215,52,flute
169.825,-25,0.536,77,flute
169.83,-28,1.5,84,guitar
169.83,2,1.531,68,vibraphone
169.83,-1,1.567,81,vibraphone
169.834,8,0.893,81,celesta
169.834,-1,1.491,62,celesta
170.258,4,1.21,65,celesta
170.258,-9,0.139,21,flute
170.682,-18,0.072,68,flute
170.682,-9,0.184,74,flute
170.682,-20,0.572,77,flute
170.691,11,0.491,81,celesta
171.111,-9,0.179,21,flute
171.12,8,0.384,52,celesta
171.54,-1,0.785,81,vibraphone
171.54,0,1.5,81,vibraphone
171.54,4,1.5,74,vibraphone
171.544,-27,1.107,100,guitar
171.544,-18,0.121,74,flute
171.549,0,0.741,71,celesta
171.549,9,1.285,71,celesta
171.553,-9,0.201,59,flute
171.553,-25,0.629,71,flute
171.968,-9,0.143,27,flute
171.973,4,0.942,46,celesta
172.397,-3,0.785,62,vibraphone
172.401,-18,0.067,74,flute
172.401,-9,0.174,84,flute
172.401,-20,0.174,65,flute
172.406,0,0.5,74,celesta
172.825,-27,0.286,74,guitar
172.83,-25,0.102,49,flute
172.83,-9,0.138,33,flute
172.834,-3,0.076,49,celesta
173.258,-24,0.786,100,guitar
173.258,9,0.786,74,celesta
173.258,-2,1.174,68,celesta
173.258,2,0.674,46,vibraphone
173.258,5,0.746,49,vibraphone
173.258,9,0.817,68,vibraphone
173.258,-2,1.353,77,vibraphone
173.258,-12,1.424,71,vibraphone
173.258,-18,0.103,62,flute
173.258,-25,0.567,77,flute
173.267,-9,0.201,84,flute
173.682,2,0.474,59,celesta
173.897,-9,0.183,59,flute
174.111,-12,0.188,77,guitar
174.115,4,0.572,77,vibraphone
174.115,1,0.603,62,vibraphone
174.115,7,0.608,90,vibraphone
174.12,-18,0.076,74,flute
174.124,7,0.858,68,celesta
174.124,-20,0.313,71,flute
174.325,-17,0.179,74,guitar
174.33,-9,0.067,37,flute
174.54,-24,0.285,68,guitar
174.544,-9,0.246,84,flute
174.865,-3,3.036,49,celesta
174.906,0,0.928,81,celesta
174.968,0,0.893,68,vibraphone
174.968,5,3.362,77,vibraphone
174.968,9,3.362,62,vibraphone
174.968,-7,6.572,74,vibraphone
174.973,-19,1.138,100,guitar
174.982,4,0.924,68,celesta
174.995,-18,0.085,77,flute
174.995,-9,0.187,65,flute
174.995,-25,0.58,68,flute
175.397,-9,0.107,30,flute
175.825,-18,0.107,74,flute
175.825,-9,0.179,81,flute
175.825,-20,0.215,71,flute
175.83,1,0.781,100,vibraphone
175.865,1,0.862,84,celesta
176.254,-25,0.143,65,flute
176.258,-24,0.317,84,guitar
176.258,-9,0.215,33,flute
176.682,2,1.643,65,vibraphone
176.687,-18,0.076,77,flute
176.687,-9,0.214,43,flute
176.687,-25,0.495,74,flute
176.691,-31,1.313,68,guitar
176.691,2,1.282,62,celesta
177.111,-9,0.143,14,flute
177.54,-18,0.107,74,flute
177.544,-9,0.21,81,flute
177.544,-20,0.567,71,flute
177.973,-9,0.174,24,flute
178.182,-30,0.179,81,guitar
178.401,-29,1.246,96,guitar
178.401,-5,1.322,74,celesta
178.401,-7,1.322,71,celesta
178.401,-1,1.357,68,celesta
178.401,4,1.674,100,vibraphone
178.401,7,1.679,100,vibraphone
178.401,-5,3.143,65,vibraphone
178.401,-1,3.143,65,vibraphone
178.401,-18,0.103,65,flute
178.401,-9,0.174,49,flute
178.401,-25,0.496,74,flute
178.825,-9,0.179,40,flute
179.258,-18,0.072,77,flute
179.258,-20,0.139,84,flute
179.258,-9,0.174,74,flute
179.682,-25,0.108,65,flute
179.687,-22,0.428,71,guitar
179.687,-9,0.174,24,flute
180.115,7,0.822,90,celesta
180.115,-5,1.398,62,celesta
180.115,5,1.389,68,vibraphone
180.115,2,1.429,62,vibraphone
180.115,-18,0.09,71,flute
180.12,-29,0.817,74,guitar
180.12,-25,0.741,71,flute
180.124,-9,0.201,49,flute
180.54,-9,0.178,24,flute
180.968,-18,0.072,71,flute
180.973,-28,0.388,77,guitar
180.973,5,0.718,81,celesta
180.973,-9,0.214,74,flute
180.973,-20,0.602,96,flute
181.397,-9,0.178,30,flute
181.83,-3,1.067,71,celesta
181.83,-3,0.781,74,vibraphone
181.83,0,3.428,100,vibraphone
181.83,4,4.29,81,vibraphone
181.83,-18,0.08,71,flute
181.834,-25,0.598,77,flute
181.839,4,1.638,81,celesta
181.839,-9,0.201,52,flute
181.87,-27,1.205,74,guitar
182.254,-9,0.178,33,flute
182.258,0,1.04,81,celesta
182.682,9,1.326,77,celesta
182.682,-18,0.072,74,flute
182.682,-9,0.215,77,flute
182.682,-20,0.215,68,flute
182.687,-4,0.888,84,vibraphone
183.111,-25,0.107,59,flute
183.111,-9,0.179,33,flute
183.115,-15,0.21,96,guitar
183.12,-3,1.781,65,celesta
183.54,-5,1.607,68,vibraphone
183.54,-18,0.107,71,flute
183.544,-15,1.286,100,guitar
183.544,0,1.321,71,celesta
183.553,-9,0.201,40,flute
183.553,-25,0.594,71,flute
183.968,4,0.469,62,celesta
183.973,-9,0.138,21,flute
184.397,-18,0.071,77,flute
184.397,-9,0.178,77,flute
184.397,-20,0.576,74,flute
184.401,9,0.429,74,celesta
184.83,4,0.071,81,celesta
184.83,-9,0.138,43,flute
184.839,-20,0.169,96,guitar
185.075,-27,0.143,62,guitar
185.147,-7,0.357,62,celesta
185.182,-4,1.679,71,celesta
185.254,-19,1.107,96,guitar
185.258,-4,1.719,52,vibraphone
185.258,0,2.536,62,vibraphone
185.258,-7,3.25,59,vibraphone
185.263,0,1.098,90,celesta
185.281,-18,0.084,74,flute
185.285,-25,0.54,68,flute
185.294,-9,0.138,33,flute
185.682,-9,0.179,14,flute
185.687,-7,1.067,71,celesta
186.111,5,0.679,62,celesta
186.115,-20,0.175,81,flute
186.115,-18,0.175,62,flute
186.115,-9,0.21,74,flute
186.124,5,0.782,49,vibraphone
186.54,-19,0.218,71,guitar
186.544,0,0.429,74,celesta
186.562,-25,0.085,65,flute
186.562,-9,0.156,24,flute
186.977,-17,1.027,74,guitar
186.977,-3,0.813,68,vibraphone
186.977,4,0.848,49,vibraphone
186.995,-18,0.089,68,flute
186.999,-25,0.411,68,flute
187.008,-9,0.192,55,flute
187.41,-9,0.138,18,flute
187.62,-25,0.107,43,flute
187.825,-4,0.719,49,vibraphone
187.825,-1,0.719,62,vibraphone
187.825,2,0.719,52,vibraphone
187.83,7,0.893,71,celesta
187.848,-18,0.134,65,flute
187.848,-9,0.205,71,flute
187.848,-20,0.348,84,flute
188.254,-29,0.393,65,guitar
188.267,-25,0.098,30,flute
188.477,-9,0.036,27,flute
188.682,-24,1.108,96,guitar
188.687,-5,0.036,62,celesta
188.691,-5,3.282,52,vibraphone
188.696,-1,3.388,43,vibraphone
188.705,0,4.906,59,vibraphone
188.705,-18,0.111,74,flute
188.705,-9,0.232,59,flute
188.705,-25,0.486,74,flute
188.709,4,6.764,52,vibraphone
188.723,0,2.602,65,celesta
188.723,4,2.607,71,celesta
189.12,-9,0.103,33,flute
189.548,-18,0.17,62,flute
189.548,-20,0.17,81,flute
189.548,-9,0.17,71,flute
189.973,-24,0.223,71,guitar
189.982,-25,0.138,52,flute
189.982,-9,0.205,21,flute
190.401,-24,1.036,74,guitar
190.406,-18,0.098,68,flute
190.406,-9,0.174,27,flute
190.406,-25,0.602,71,flute
190.834,-9,0.139,11,flute
191.263,-18,0.138,65,flute
191.263,-9,0.174,71,flute
191.263,-20,0.638,81,flute
191.687,-9,0.21,24,flute
191.691,-24,0.353,65,guitar
191.932,-8,1.536,55,celesta
192.004,-4,1.5,52,celesta
192.04,0,1.428,74,celesta
192.111,4,1.321,74,celesta
192.115,-4,3.246,65,vibraphone
192.124,-18,0.139,65,flute
192.129,-16,1.134,100,guitar
192.129,-25,0.522,71,flute
192.133,-9,0.201,40,flute
192.548,-9,0.139,21,flute
192.973,-18,0.142,65,flute
192.973,-9,0.183,71,flute
192.973,-20,0.214,77,flute
193.401,-25,0.139,43,flute
193.401,-9,0.174,43,flute
193.406,-16,0.504,59,guitar
193.647,-8,1.535,49,celesta
193.718,-4,1.5,49,celesta
193.754,-1,1.357,55,celesta
193.83,2,1.245,68,celesta
193.83,2,1.674,49,vibraphone
193.83,-1,4.924,59,vibraphone
193.83,-18,0.107,65,flute
193.83,-9,0.214,24,flute
193.83,-25,0.571,74,flute
193.843,-20,0.808,100,guitar
194.258,-9,0.143,14,flute
194.687,-18,0.103,68,flute
194.687,-9,0.214,77,flute
194.687,-20,0.531,77,flute
194.691,-28,0.871,84,guitar
195.115,-9,0.103,27,flute
195.361,-8,2.857,55,celesta
195.432,-5,2.791,55,celesta
195.504,-3,2.719,62,celesta
195.544,-3,1.567,59,vibraphone
195.544,0,6.71,14,vibraphone
195.544,4,6.746,27,vibraphone
195.553,-18,0.098,74,flute
195.562,-27,1.272,96,guitar
195.562,-9,0.156,55,flute
195.562,-25,0.553,81,flute
195.611,0,2.612,74,celesta
195.973,-9,0.142,21,flute
196.397,-18,0.076,74,flute
196.397,-20,0.178,74,flute
196.397,-9,0.178,68,flute
196.825,-25,0.148,65,flute
196.825,-9,0.179,30,flute
196.834,-20,0.424,77,guitar
197.258,-13,0.607,65,guitar
197.258,-18,0.072,77,flute
197.263,-5,1.598,33,vibraphone
197.267,-25,0.63,77,flute
197.272,-9,0.165,49,flute
197.687,-9,0.138,24,flute
197.901,-15,0.603,74,guitar
198.115,-18,0.108,68,flute
198.12,-9,0.17,77,flute
198.12,-20,0.598,74,flute
198.54,-9,0.151,30,flute
198.548,-20,0.389,81,guitar
198.79,-6,2.79,43,celesta
198.861,-3,2.683,40,celesta
198.897,0,2.647,62,celesta
198.973,4,2.571,62,celesta
198.973,-6,3.352,55,vibraphone
198.973,-3,3.388,43,vibraphone
198.973,-18,0.08,74,flute
198.973,-25,0.567,81,flute
198.977,-22,1.098,71,guitar
198.981,-9,0.166,71,flute
199.401,-9,0.174,24,flute
199.83,-18,0.067,74,flute
199.83,-20,0.138,74,flute
199.83,-9,0.174,55,flute
200.254,-25,0.147,62,flute
200.258,-22,0.143,68,guitar
200.263,-9,0.138,18,flute
200.682,-18,0.072,62,flute
200.687,-22,1.103,71,guitar
200.687,-9,0.21,52,flute
200.687,-25,0.674,81,flute
201.111,-9,0.076,21,flute
201.325,-9,0.183,65,flute
201.548,-18,0.067,74,flute
201.548,-20,0.639,71,flute
201.754,-9,0.071,33,flute
201.968,-9,0.214,74,flute
201.973,-22,0.174,52,guitar
202.29,-7,1.433,52,celesta
202.33,-3,1.393,52,celesta
202.33,0,1.393,37,celesta
202.397,-18,0.107,77,flute
202.397,-9,0.178,59,flute
202.397,-25,0.678,77,flute
202.401,-17,1.322,100,guitar
202.401,5,1.33,71,celesta
202.401,-3,1.531,68,vibraphone
202.401,5,1.638,65,vibraphone
202.401,0,1.746,65,vibraphone
202.825,-9,0.143,18,flute
203.254,-18,0.107,74,flute
203.254,-20,0.143,71,flute
203.254,-9,0.178,71,flute
203.647,-23,0.076,59,guitar
203.687,-25,0.102,68,flute
203.691,-9,0.17,24,flute
203.723,-22,0.357,74,guitar
204.004,-5,1.357,27,celesta
204.039,-1,1.326,52,celesta
204.111,-29,1.143,74,guitar
204.111,-18,0.094,77,flute
204.111,-9,0.214,40,flute
204.111,-25,0.607,71,flute
204.115,2,1.282,43,celesta
204.115,-1,1.532,52,vibraphone
204.115,2,1.715,52,vibraphone
204.115,7,4.853,68,vibraphone
204.147,7,1.218,84,celesta
204.539,-9,0.148,30,flute
204.973,-18,0.066,74,flute
204.973,-9,0.174,74,flute
204.973,-20,0.642,81,flute
205.401,-23,0.281,59,guitar
205.401,-9,0.103,37,flute
205.611,-22,0.183,59,guitar
205.718,-5,1.397,52,celesta
205.789,-2,1.286,43,celesta
205.825,1,1.29,46,celesta
205.83,-17,1.285,81,guitar
205.83,-2,1.531,65,vibraphone
205.83,1,1.714,49,vibraphone
205.83,-18,0.08,65,flute
205.83,-9,0.174,59,flute
205.83,-25,0.745,71,flute
205.861,7,1.254,81,celesta
206.254,-9,0.107,33,flute
206.687,-18,0.067,77,flute
206.687,-9,0.138,74,flute
206.687,-20,0.21,68,flute
207.115,-25,0.139,65,flute
207.12,-22,0.353,55,guitar
207.12,-9,0.169,40,flute
207.432,-5,1.398,55,celesta
207.468,-1,1.362,49,celesta
207.539,-18,0.085,71,flute
207.539,-9,0.179,52,flute
207.539,-25,0.75,65,flute
207.544,-29,0.817,71,guitar
207.544,2,1.245,59,celesta
207.544,-1,0.893,59,vibraphone
207.544,2,1.638,65,vibraphone
207.575,7,1.255,68,celesta
207.968,-9,0.107,27,flute
208.397,-5,4.107,59,vibraphone
208.401,-25,0.817,77,guitar
208.401,-18,0.067,71,flute
208.401,-20,0.603,74,flute
208.406,-9,0.169,74,flute
208.83,-9,0.143,24,flute
209.147,-5,2.821,49,celesta
209.182,0,2.822,49,celesta
209.254,-24,1.321,90,guitar
209.258,7,2.715,71,celesta
209.258,4,2.746,65,celesta
209.258,0,3.139,68,vibraphone
209.258,4,3.143,65,vibraphone
209.258,-1,3.174,65,vibraphone
209.263,-18,0.085,71,flute
209.263,-9,0.169,62,flute
209.263,-25,0.598,74,flute
209.682,-9,0.143,30,flute
210.111,-18,0.071,74,flute
210.111,-20,0.178,71,flute
210.111,-9,0.178,77,flute
210.539,-17,0.429,77,guitar
210.544,-25,0.103,65,flute
210.548,-9,0.134,33,flute
210.968,-10,0.643,74,guitar
210.973,-18,0.066,71,flute
210.981,-25,0.701,74,flute
210.986,-9,0.161,49,flute
211.397,-9,0.107,27,flute
211.615,-12,0.424,71,guitar
211.83,-18,0.067,77,flute
211.83,-9,0.143,74,flute
211.83,-20,0.643,71,flute
212.039,-17,0.143,68,guitar
212.254,-24,0.285,65,guitar
212.258,-9,0.103,27,flute
212.682,2,1.536,71,vibraphone
212.682,5,1.572,71,vibraphone
212.682,-2,3.357,46,vibraphone
212.687,-29,0.857,96,guitar
212.687,-2,1.111,65,celesta
212.687,9,2.138,71,celesta
212.687,-18,0.089,74,flute
212.687,-9,0.138,52,flute
212.687,-25,0.638,74,flute
213.111,-9,0.107,30,flute
213.115,2,1.143,68,celesta
213.539,9,2.541,74,vibraphone
213.544,-17,0.781,96,guitar
213.544,5,0.897,62,celesta
213.544,-18,0.103,81,flute
213.544,-20,0.174,81,flute
213.544,-9,0.179,77,flute
213.968,-25,0.143,65,flute
213.973,-2,1.897,52,celesta
213.973,-9,0.102,40,flute
214.397,-24,0.866,100,guitar
214.401,1,1.5,65,celesta
214.401,1,1.674,49,vibraphone
214.401,4,1.679,74,vibraphone
214.406,-18,0.071,74,flute
214.41,-9,0.129,74,flute
214.41,-25,0.527,84,flute
214.825,4,1.045,52,celesta
214.83,-9,0.067,40,flute
215.039,-9,0.143,71,flute
215.254,12,0.826,81,vibraphone
215.254,-18,0.076,84,flute
215.254,-20,0.433,81,flute
215.258,9,0.398,65,celesta
215.267,-12,0.205,81,guitar
215.468,-9,0.036,30,flute
215.472,-17,0.175,81,guitar
215.682,-24,0.25,71,guitar
215.687,7,0.143,68,celesta
215.691,-9,0.17,71,flute
216.039,-3,3.183,55,celesta
216.115,-19,1.067,100,guitar
216.115,0,0.857,43,celesta
216.115,0,0.889,74,vibraphone
216.115,-3,3.353,71,vibraphone
216.115,5,3.393,81,vibraphone
216.115,9,3.393,81,vibraphone
216.115,-7,6.639,68,vibraphone
216.142,-18,0.103,74,flute
216.151,-25,0.603,74,flute
216.156,4,3.098,62,celesta
216.156,-9,0.133,55,flute
216.539,-9,0.108,18,flute
216.968,1,0.821,100,vibraphone
216.972,1,0.898,71,celesta
216.972,-20,0.192,68,flute
216.972,-18,0.192,62,flute
216.972,-9,0.197,71,flute
217.401,-19,0.103,90,guitar
217.406,-9,0.102,24,flute
217.406,-25,0.142,62,flute
217.825,2,1.679,65,vibraphone
217.83,-19,1.531,96,guitar
217.83,2,1.464,62,celesta
217.843,-18,0.107,68,flute
217.847,-25,0.554,77,flute
217.852,-9,0.174,46,flute
218.263,-9,0.071,18,flute
218.691,-18,0.139,65,flute
218.691,-9,0.183,77,flute
218.691,-20,0.393,81,flute
219.115,-9,0.148,24,flute
219.539,-17,1.215,96,guitar
219.544,-7,2.536,65,celesta
219.544,-5,2.536,81,celesta
219.544,-1,2.549,71,celesta
219.544,4,1.714,100,vibraphone
219.544,7,1.714,84,vibraphone
219.544,-1,3.138,37,vibraphone
219.544,-5,3.214,59,vibraphone
219.566,-18,0.134,65,flute
219.571,-9,0.151,46,flute
219.571,-25,0.442,74,flute
219.981,-9,0.139,14,flute
220.41,-18,0.138,65,flute
220.41,-20,0.17,71,flute
220.419,-9,0.161,68,flute
220.839,-25,0.098,65,flute
220.843,-23,0.054,59,guitar
220.843,-22,0.353,62,guitar
220.847,-9,0.134,30,flute
221.258,-29,0.826,59,guitar
221.258,5,1.246,71,vibraphone
221.258,2,1.281,68,vibraphone
221.281,-18,0.084,65,flute
221.285,-9,0.152,40,flute
221.285,-25,0.509,74,flute
221.691,-9,0.174,21,flute
222.12,-18,0.102,68,flute
222.12,-20,0.312,81,flute
222.124,-17,0.782,81,guitar
222.133,-9,0.161,71,flute
222.548,-9,0.099,21,flute
222.763,-9,0.031,21,flute
222.968,4,1.5,46,vibraphone
222.968,0,1.576,68,vibraphone
222.968,-4,3.25,43,vibraphone
222.968,-8,3.469,43,vibraphone
222.972,-1,0.858,74,celesta
222.986,-18,0.089,74,flute
222.986,-9,0.205,68,flute
222.986,-25,0.303,81,flute
222.99,-20,1.777,90,guitar
223.401,-8,0.96,65,celesta
223.401,-9,0.143,30,flute
223.83,-18,0.08,74,flute
223.83,-20,0.147,81,flute
223.83,-9,0.174,74,flute
223.834,-4,0.638,90,celesta
223.839,4,0.674,74,celesta
224.258,-1,0.219,71,celesta
224.258,-25,0.143,46,flute
224.263,-9,0.174,37,flute
224.687,-28,1.513,84,guitar
224.687,2,1.531,68,vibraphone
224.687,-1,1.602,81,vibraphone
224.687,-18,0.071,77,flute
224.687,-9,0.214,49,flute
224.687,-25,0.495,84,flute
224.691,8,0.884,81,celesta
224.691,-1,1.496,62,celesta
225.111,-9,0.147,30,flute
225.115,4,1.21,65,celesta
225.539,11,0.5,81,celesta
225.544,-18,0.107,68,flute
225.548,-20,0.46,81,flute
225.557,-9,0.161,68,flute
225.972,8,0.389,52,celesta
225.972,-9,0.175,18,flute
226.397,-1,0.785,81,vibraphone
226.397,0,1.5,81,vibraphone
226.397,4,1.5,74,vibraphone
226.405,0,0.746,71,celesta
226.405,9,1.282,71,celesta
226.41,-18,0.062,74,flute
226.414,-25,0.411,71,flute
226.419,-9,0.156,43,flute
226.423,-27,1.09,100,guitar
226.83,4,0.942,46,celesta
226.834,-9,0.134,27,flute
227.254,-3,0.785,62,vibraphone
227.258,0,0.5,74,celesta
227.263,-18,0.067,74,flute
227.263,-20,0.138,74,flute
227.263,-9,0.174,77,flute
227.687,-27,0.29,74,guitar
227.687,-3,0.076,49,celesta
227.687,-25,0.107,62,flute
227.696,-9,0.129,27,flute
228.111,7,0.821,68,vibraphone
228.111,-12,1.714,71,vibraphone
228.111,-4,1.714,77,vibraphone
228.111,2,1.714,46,vibraphone
228.115,-19,0.795,100,guitar
228.115,8,0.817,74,celesta
228.115,5,1.179,68,celesta
228.115,-18,0.085,62,flute
228.115,-9,0.21,90,flute
228.115,-25,0.353,74,flute
228.539,-9,0.072,27,flute
228.544,0,0.469,59,celesta
228.754,-9,0.276,77,flute
228.968,5,0.607,90,vibraphone
228.968,-18,0.076,74,flute
228.968,-20,0.295,81,flute
228.972,-12,0.175,77,guitar
228.972,12,0.867,68,celesta
229.182,-9,0.04,30,flute
229.2,-16,0.161,74,guitar
229.397,-9,0.214,90,flute
229.414,-19,0.282,68,guitar
229.825,-5,3.322,74,vibraphone
229.825,0,5.147,100,vibraphone
229.825,4,8.607,100,vibraphone
229.843,7,1.558,77,celesta
229.843,-18,0.098,77,flute
229.843,-9,0.196,65,flute
229.843,-25,0.339,74,flute
229.852,-29,1.228,100,guitar
230.254,-9,0.143,37,flute
230.258,0,0.607,49,celesta
230.687,12,0.928,71,celesta
230.687,-18,0.102,74,flute
230.691,-20,0.134,74,flute
230.696,-9,0.169,77,flute
231.111,-25,0.111,55,flute
231.115,0,0.572,52,celesta
231.12,-9,0.169,40,flute
231.124,-17,0.098,81,guitar
231.539,7,1.536,68,vibraphone
231.544,7,1.571,65,celesta
231.544,-18,0.071,77,flute
231.548,-9,0.206,49,flute
231.548,-25,0.563,74,flute
231.553,-17,1.21,81,guitar
231.968,-9,0.143,27,flute
231.972,0,0.608,59,celesta
232.397,-18,0.071,74,flute
232.401,12,0.857,71,celesta
232.401,-9,0.179,81,flute
232.401,-20,0.531,74,flute
232.83,0,0.567,49,celesta
232.83,-9,0.178,21,flute
232.834,-29,0.478,68,guitar
233.254,-4,1.607,74,vibraphone
233.258,7,1.531,84,celesta
233.258,-18,0.072,65,flute
233.258,-9,0.174,37,flute
233.258,-25,0.496,77,flute
233.276,-26,1.125,100,guitar
233.687,0,0.5,30,celesta
233.687,-9,0.138,33,flute
234.111,12,0.357,65,celesta
234.115,-18,0.072,77,flute
234.115,-20,0.139,81,flute
234.115,-9,0.174,81,flute
234.539,0,0.358,52,celesta
234.544,-25,0.138,49,flute
234.544,-9,0.174,33,flute
234.548,-26,0.384,71,guitar
234.968,-18,0.08,71,flute
234.968,-9,0.214,43,flute
234.968,-25,0.5,74,flute
234.972,9,1.353,68,celesta
234.972,1,1.532,84,vibraphone
234.972,-5,1.603,65,vibraphone
234.986,-27,0.803,65,guitar
235.397,-9,0.142,30,flute
235.825,-18,0.072,71,flute
235.83,-15,0.214,84,guitar
235.83,-3,0.531,65,celesta
235.83,-9,0.174,84,flute
235.83,-20,0.607,81,flute
236.053,-20,0.21,37,guitar
236.254,1,0.044,33,celesta
236.258,-9,0.139,21,flute
236.263,-27,0.281,68,guitar
236.682,-6,1.572,90,vibraphone
236.682,-3,1.572,65,vibraphone
236.682,0,1.755,74,vibraphone
236.687,-6,1.424,90,celesta
236.687,-18,0.111,71,flute
236.687,-9,0.174,43,flute
236.687,-25,0.531,74,flute
236.696,-30,0.808,100,guitar
237.111,-3,1.071,62,celesta
237.115,-9,0.103,46,flute
237.539,-18,0.072,74,flute
237.544,-18,0.919,90,guitar
237.544,0,0.781,62,celesta
237.544,-20,0.138,81,flute
237.544,-9,0.21,100,flute
237.968,4,0.321,55,celesta
237.972,-25,0.103,59,flute
237.981,-9,0.166,33,flute
238.397,2,0.678,59,celesta
238.397,-18,0.12,71,flute
238.397,-9,0.178,37,flute
238.397,-25,0.535,77,flute
238.401,-1,1.567,90,vibraphone
238.401,-5,3.246,74,vibraphone
238.401,2,3.317,68,vibraphone
238.41,-19,0.777,77,guitar
238.825,-5,1.357,40,celesta
238.83,-9,0.174,18,flute
239.254,-18,0.071,77,flute
239.258,-31,0.862,71,guitar
239.258,-1,0.603,74,celesta
239.258,-9,0.21,77,flute
239.258,-20,0.46,84,flute
239.682,2,1.143,68,celesta
239.687,-9,0.178,43,flute
240.111,-2,1.464,90,vibraphone
240.115,-2,1.357,71,celesta
240.12,-32,0.812,74,guitar
240.12,-18,0.098,74,flute
240.12,-25,0.562,71,flute
240.124,-9,0.165,43,flute
240.539,-5,0.858,65,celesta
240.544,-9,0.21,18,flute
240.968,7,0.786,90,vibraphone
240.972,-18,0.175,62,flute
240.972,-20,0.179,81,flute
240.972,-9,0.179,71,flute
240.977,-20,0.911,74,guitar
241.401,2,0.21,77,celesta
241.401,-25,0.103,30,flute
241.405,-9,0.067,30,flute
241.611,-9,0.178,52,flute
241.83,-27,0.897,68,guitar
241.83,1,1.531,65,celesta
241.83,6,0.04,65,vibraphone
241.83,12,0.745,74,vibraphone
241.83,1,1.602,81,vibraphone
241.83,7,1.638,96,vibraphone
241.83,5,3.317,81,vibraphone
241.83,-18,0.125,68,flute
241.83,-25,0.428,74,flute
242.039,-9,0.179,55,flute
242.254,5,1.214,65,celesta
242.682,10,0.822,65,vibraphone
242.687,12,0.352,71,celesta
242.687,-18,0.138,65,flute
242.687,-20,0.428,90,flute
242.691,-15,0.424,74,guitar
242.696,-9,0.272,81,flute
243.111,10,0.321,65,celesta
243.33,-9,0.107,49,flute
243.544,-22,1.21,96,guitar
243.544,2,0.388,65,celesta
243.544,9,1.138,81,celesta
243.544,9,0.888,71,vibraphone
243.544,2,1.714,68,vibraphone
243.544,-18,0.089,71,flute
243.544,-9,0.21,52,flute
243.544,-25,0.603,77,flute
243.968,5,0.893,62,celesta
243.972,-9,0.175,33,flute
244.397,-3,0.714,71,vibraphone
244.401,2,0.496,62,celesta
244.401,-18,0.067,74,flute
244.41,-9,0.201,77,flute
244.41,-20,0.201,68,flute
244.825,-3,0.322,65,celesta
244.825,-25,0.107,59,flute
244.825,-9,0.179,33,flute
244.83,-22,0.392,74,guitar
245.254,-4,1.678,49,celesta
245.258,-29,0.817,71,guitar
245.258,4,0.889,18,vibraphone
245.258,-4,1.496,68,vibraphone
245.258,-1,1.714,62,vibraphone
245.258,-18,0.085,71,flute
245.258,-9,0.21,40,flute
245.258,-25,0.603,71,flute
245.682,-7,1.107,59,celesta
245.687,-9,0.138,21,flute
246.111,2,0.821,30,vibraphone
246.115,-17,0.866,81,guitar
246.115,2,0.862,59,celesta
246.12,-18,0.062,77,flute
246.124,-9,0.165,77,flute
246.124,-20,0.558,74,flute
246.539,-9,0.143,43,flute
246.972,4,0.46,100,vibraphone
246.972,0,0.496,100,vibraphone
246.972,-5,1.424,84,vibraphone
246.972,-12,1.75,62,vibraphone
246.977,-25,0.634,59,flute
246.981,-24,1.058,100,guitar
246.981,4,0.88,90,celesta
246.981,-9,0.134,68,flute
247.396,5,0.322,71,vibraphone
247.396,2,0.358,62,vibraphone
247.401,-5,0.531,74,celesta
247.437,-9,0.102,33,flute
247.825,5,0.393,77,vibraphone
247.825,2,0.464,81,vibraphone
247.83,0,0.459,100,celesta
247.865,-9,0.103,74,flute
247.865,-20,0.281,87,flute
248.254,-24,0.392,77,guitar
248.254,4,0.214,71,celesta
248.258,4,0.893,71,vibraphone
248.258,0,0.96,59,vibraphone
248.28,-9,0.045,43,flute
248.28,-25,0.094,52,flute
248.682,-31,0.393,100,guitar
248.687,8,0.888,84,celesta
248.687,-4,1.638,52,vibraphone
248.687,-7,1.674,65,vibraphone
248.687,-19,1.709,65,vibraphone
248.763,-9,0.035,74,flute
248.763,-25,0.803,68,flute
249.111,5,0.321,46,vibraphone
249.111,2,0.357,43,vibraphone
249.115,-19,0.281,96,guitar
249.115,0,1.067,74,celesta
249.115,-12,0.451,68,flute
249.539,5,0.393,62,vibraphone
249.539,2,0.469,37,vibraphone
249.544,-19,0.464,96,guitar
249.544,5,0.745,96,celesta
249.611,-15,0.473,46,flute
249.972,-31,0.393,90,guitar
249.972,12,0.389,81,celesta
250.044,-19,0.067,46,flute
250.396,-5,0.679,43,vibraphone
250.396,-12,7.755,62,vibraphone
250.401,4,5.781,30,celesta
250.544,-24,1.245,100,guitar
250.566,-25,2.304,68,flute
250.566,-11,6.58,33,flute
250.611,7,5.678,81,celesta
250.615,16,5.603,71,celesta
250.825,-8,7.254,52,vibraphone
251.254,-5,6.821,49,vibraphone
251.298,-9,0.112,11,flute
251.41,-9,0.031,14,flute
251.553,-9,0.067,18,flute
251.655,-9,0.05,18,flute
251.682,-21,0.143,33,guitar
251.767,-9,0.027,30,flute
251.87,-9,0.049,43,flute
251.896,4,0.215,14,vibraphone
251.896,0,2.362,62,vibraphone
251.901,-20,0.143,43,guitar
251.99,-9,0.067,46,flute
252.084,-9,0.031,43,flute
252.115,-17,0.103,46,guitar
252.196,-9,0.022,33,flute
252.298,-9,0.049,30,flute
252.325,-13,0.071,59,guitar
252.33,7,5.821,14,vibraphone
252.383,-9,0.018,27,flute
252.481,-9,0.032,18,flute
252.539,-10,0.219,74,guitar
252.557,-9,0.072,46,flute
252.7,-9,0.027,18,flute
252.727,-9,0.076,55,flute
252.758,-13,0.246,43,guitar
252.758,9,1.638,14,vibraphone
252.874,-9,0.04,52,flute
252.941,-9,0.045,65,flute
253.053,-9,4.165,59,flute
253.155,-14,0.072,52,flute
253.182,-12,0.429,37,guitar
253.267,-14,0.031,49,flute
253.37,-14,0.049,30,flute
253.401,14,4.75,14,vibraphone
253.481,-14,0.032,52,flute
253.553,-14,0.031,52,flute
253.615,-17,1.424,33,guitar
253.66,-14,0.036,81,flute
253.767,-14,0.031,55,flute
253.838,-14,0.032,87,flute
253.937,-14,0.049,59,flute
254.008,-14,0.072,68,flute
254.124,-14,0.027,46,flute
254.191,-14,0.036,74,flute
254.258,-24,11.147,92,guitar
254.258,4,1.496,14,vibraphone
254.258,11,3.781,14,vibraphone
254.258,0,3.853,14,vibraphone
254.303,-14,0.062,55,flute
254.414,-14,0.027,68,flute
254.486,-14,0.027,59,flute
254.58,-14,0.049,49,flute
254.7,-14,0.027,43,flute
254.794,-14,0.049,52,flute
254.91,-14,0.071,11,flute
255.008,-14,0.183,40,flute
255.267,-14,0.214,30,flute
255.508,-14,0.214,37,flute
255.763,-14,0.218,30,flute
256.048,-14,0.215,21,flute
256.334,-14,0.21,21,flute
256.615,-14,0.174,43,flute
256.83,-14,0.785,18,flute
258.004,-15,0.111,18,flute
258.164,-19,0.054,11,flute
258.254,-25,0.107,30,flute
